Date,天然ガス,インフレ,円安,利上げ,ウクライナ 情勢
2021-03-01,-1.6770644713091247,0.7508506476691594,0.7498474972909346,-0.6761130055366901,
2021-03-02,0.48756534741397817,0.4826834094308723,1.130342602841402,-0.6761130055366901,
2021-03-03,2.996568091843029,0.14747436163301328,1.5108377083918696,-0.6761130055366901,
2021-03-04,2.50460676940596,0.6167670285500159,3.3589567924941406,-0.6761130055366901,
2021-03-05,-1.6770644713091247,0.2815579807521569,4.337372778195343,-0.6761130055366901,
2021-03-06,0.4383692151702713,0.2815579807521569,1.945689257592404,-0.6761130055366901,
2021-03-07,0.29078081843915066,0.14747436163301328,1.402124821091736,-0.6761130055366901,
2021-03-08,1.3238995955569952,-0.12069287660527389,2.761035912343406,-0.6761130055366901,
2021-03-09,1.815860917994064,-0.3888601148435611,4.065590559945009,-0.6761130055366901,
2021-03-10,0.3399769506828575,0.34859979031172866,1.8913328139423373,-0.6761130055366901,
2021-03-11,-1.6770644713091247,0.2145161711925851,1.0759861591913353,-0.6761130055366901,
2021-03-12,1.0779189343384608,-0.0536510670457021,2.217471475842738,-0.6761130055366901,
2021-03-13,-1.6770644713091247,-0.9922364008797072,0.7498474972909346,-0.6761130055366901,
2021-03-14,0.585957611901392,-0.5229437339627047,0.7498474972909346,-0.6761130055366901,
2021-03-15,1.5698802567755297,-0.7240691626414201,1.5108377083918696,-0.6761130055366901,
2021-03-16,0.19238855395173687,-0.4559019244031329,1.5108377083918696,-0.6761130055366901,
2021-03-17,0.8319382731199263,-0.2547764957244175,0.8042039409410013,-0.6761130055366901,
2021-03-18,-0.004395975023090653,0.013390742513869696,0.912916828241135,-0.6761130055366901,
2021-03-19,0.5367614796576851,0.14747436163301328,0.9672732718912017,-0.6761130055366901,
2021-03-20,-1.6770644713091247,-0.3888601148435611,0.15192661714019987,-0.6761130055366901,
2021-03-21,-1.6770644713091247,-0.5229437339627047,0.47806527904060064,-0.6761130055366901,
2021-03-22,0.0939962894643231,-0.1877346861648457,0.369352391740467,-0.6761130055366901,
2021-03-23,1.0287228020947539,-0.7911109722009919,0.20628306079026665,-0.6761130055366901,
2021-03-24,0.14319242170802998,-0.9922364008797072,0.20628306079026665,-0.6761130055366901,
2021-03-25,0.0939962894643231,-0.9251945913201355,0.31499594809040027,-0.6761130055366901,
2021-03-26,-1.6770644713091247,-0.7911109722009919,0.8042039409410013,-0.6761130055366901,
2021-03-27,-1.6770644713091247,-0.9922364008797072,0.09757017349013307,-0.6761130055366901,
2021-03-28,-1.6770644713091247,-1.059278210439279,0.15192661714019987,-0.6761130055366901,
2021-03-29,0.5367614796576851,-0.7240691626414201,1.0759861591913353,-0.6761130055366901,
2021-03-30,0.4383692151702713,-0.3218183052839893,3.467669679794274,-0.6761130055366901,
2021-03-31,-1.6770644713091247,-0.12069287660527389,3.1415310178938736,-0.6761130055366901,
2021-04-01,-1.6770644713091247,-1.059278210439279,1.130342602841402,-0.6761130055366901,
2021-04-02,1.815860917994064,-1.1263200199988508,1.1846990464914688,-0.6761130055366901,
2021-04-03,-1.6770644713091247,-0.9251945913201355,1.0759861591913353,-0.6761130055366901,
2021-04-04,-1.6770644713091247,-0.3888601148435611,1.1846990464914688,-0.6761130055366901,
2021-04-05,-1.6770644713091247,-0.6570273530818482,1.3477683774416693,-0.6761130055366901,
2021-04-06,-1.6770644713091247,-0.9922364008797072,0.7498474972909346,-0.6761130055366901,
2021-04-07,-1.6770644713091247,-0.7240691626414201,1.3477683774416693,-0.6761130055366901,
2021-04-08,1.1271150665821676,-0.6570273530818482,0.7498474972909346,-0.6761130055366901,
2021-04-09,0.8319382731199263,-1.1933618295584227,0.04321372984006628,-0.6761130055366901,
2021-04-10,-1.6770644713091247,-0.9922364008797072,0.04321372984006628,-0.6761130055366901,
2021-04-11,-1.6770644713091247,-0.7911109722009919,-1.0982715868113364,-0.6761130055366901,
2021-04-12,0.3891730829265644,-0.7240691626414201,0.04321372984006628,-0.6761130055366901,
2021-04-13,0.24158468619544377,-0.2547764957244175,0.6954910536408678,-0.6761130055366901,
2021-04-14,0.8319382731199263,-0.3218183052839893,0.7498474972909346,-0.6761130055366901,
2021-04-15,1.373095727800702,-0.3218183052839893,0.31499594809040027,-0.6761130055366901,
2021-04-16,-0.10278823951050442,-1.1263200199988508,0.6954910536408678,-0.6761130055366901,
2021-04-17,-0.1519843717542113,-1.2604036391179945,0.04321372984006628,-0.6761130055366901,
2021-04-18,0.3399769506828575,-1.1263200199988508,0.09757017349013307,-0.6761130055366901,
2021-04-19,2.7013912983807877,-0.7240691626414201,0.09757017349013307,-0.6761130055366901,
2021-04-20,-1.6770644713091247,-0.2547764957244175,0.912916828241135,-0.6761130055366901,
2021-04-21,-1.6770644713091247,-0.4559019244031329,0.42370883539053383,-0.6761130055366901,
2021-04-22,-1.6770644713091247,-0.4559019244031329,0.09757017349013307,-0.6761130055366901,
2021-04-23,0.29078081843915066,-1.059278210439279,-0.5003507066606017,-0.6761130055366901,
2021-04-24,0.0939962894643231,-0.5229437339627047,-1.0982715868113364,-0.6761130055366901,
2021-04-25,-1.6770644713091247,-0.6570273530818482,0.42370883539053383,-0.6761130055366901,
2021-04-26,1.4714879922881159,-0.6570273530818482,-0.011142713810000511,-0.6761130055366901,
2021-04-27,0.14319242170802998,-0.2547764957244175,0.04321372984006628,-0.6761130055366901,
2021-04-28,0.7827421408762194,-0.9251945913201355,0.09757017349013307,-0.6761130055366901,
2021-04-29,0.0939962894643231,-0.5899855435222765,0.47806527904060064,-0.6761130055366901,
2021-04-30,-1.6770644713091247,-0.2547764957244175,0.31499594809040027,-0.6761130055366901,
2021-05-01,0.0939962894643231,-1.394487258237138,0.5867781663407342,-0.6761130055366901,
2021-05-02,-1.6770644713091247,-0.9922364008797072,-0.2829249320603345,-0.6761130055366901,
2021-05-03,0.19238855395173687,-0.7911109722009919,-0.17421204476020088,-0.6761130055366901,
2021-05-04,-1.6770644713091247,-1.059278210439279,-0.39163781936046804,-0.6761130055366901,
2021-05-05,-1.6770644713091247,-0.2547764957244175,0.20628306079026665,0.7076670850546971,
2021-05-06,-0.004395975023090653,0.2145161711925851,0.369352391740467,-0.6761130055366901,
2021-05-07,0.19238855395173687,-0.5899855435222765,0.26063950444033346,-0.6761130055366901,
2021-05-08,0.0939962894643231,0.0804325520734415,-0.011142713810000511,-0.6761130055366901,
2021-05-09,-1.6770644713091247,-0.3888601148435611,-0.011142713810000511,-0.6761130055366901,
2021-05-10,1.766664785750357,0.2815579807521569,0.8042039409410013,-0.6761130055366901,
2021-05-11,0.7335460086325126,1.1531015050265903,0.47806527904060064,-0.6761130055366901,
2021-05-12,0.6351537441450988,4.2370247447668925,0.9672732718912017,1.1960600582045986,
2021-05-13,0.7827421408762194,4.3040665543264645,0.8585603845910682,-0.6761130055366901,
2021-05-14,0.19238855395173687,0.7508506476691594,-0.0654991574600673,-0.6761130055366901,
2021-05-15,-1.6770644713091247,0.14747436163301328,0.369352391740467,-0.6761130055366901,
2021-05-16,-0.20118050399791818,0.6167670285500159,0.20628306079026665,-0.6761130055366901,
2021-05-17,0.585957611901392,1.3542269337053057,0.31499594809040027,-0.6761130055366901,
2021-05-18,1.9634493147251846,0.7508506476691594,1.1846990464914688,-0.6761130055366901,
2021-05-19,1.1271150665821676,1.6894359815031645,0.6954910536408678,-0.6761130055366901,
2021-05-20,1.0779189343384608,0.2145161711925851,0.47806527904060064,-0.6761130055366901,
2021-05-21,0.3399769506828575,0.013390742513869696,0.20628306079026665,-0.6761130055366901,
2021-05-22,-1.6770644713091247,-0.3218183052839893,0.04321372984006628,-0.6761130055366901,
2021-05-23,0.04480015722061623,-0.1877346861648457,-0.1198556011101341,-0.6761130055366901,
2021-05-24,1.766664785750357,-0.0536510670457021,0.5324217226906675,-0.6761130055366901,
2021-05-25,1.2747034633132883,-0.12069287660527389,0.42370883539053383,-0.6761130055366901,
2021-05-26,0.979526669851047,0.013390742513869696,0.641134609990801,-0.6761130055366901,
2021-05-27,1.815860917994064,0.0804325520734415,0.5867781663407342,-0.6761130055366901,
2021-05-28,0.19238855395173687,-0.12069287660527389,1.130342602841402,-0.6761130055366901,
2021-05-29,-1.6770644713091247,-0.7911109722009919,0.7498474972909346,-0.6761130055366901,
2021-05-30,0.585957611901392,-0.4559019244031329,-0.2285684884102677,-0.6761130055366901,
2021-05-31,0.0939962894643231,0.6838088381095877,1.130342602841402,-0.6761130055366901,
2021-06-01,1.2255073310695814,2.9632303631350285,0.5324217226906675,-0.6761130055366901,
2021-06-02,1.3238995955569952,1.0190178859074466,0.5867781663407342,-0.6761130055366901,
2021-06-03,1.815860917994064,0.884934266788303,1.4564812647418028,-0.6761130055366901,
2021-06-04,1.0779189343384608,-0.1877346861648457,0.912916828241135,-0.6761130055366901,
2021-06-05,0.585957611901392,-0.7240691626414201,0.26063950444033346,-0.6761130055366901,
2021-06-06,0.585957611901392,0.013390742513869696,-0.17421204476020088,-0.6761130055366901,
2021-06-07,1.2747034633132883,0.2145161711925851,0.42370883539053383,-0.6761130055366901,
2021-06-08,1.0287228020947539,0.2815579807521569,0.5324217226906675,-0.6761130055366901,
2021-06-09,1.5698802567755297,0.6167670285500159,-0.44599426301053485,-0.6761130055366901,
2021-06-10,0.9303305376073401,2.2928122675393108,0.09757017349013307,-0.6761130055366901,
2021-06-11,0.9303305376073401,0.2815579807521569,-0.011142713810000511,-0.6761130055366901,
2021-06-12,0.0939962894643231,0.6167670285500159,0.09757017349013307,-0.6761130055366901,
2021-06-13,2.7013912983807877,0.6167670285500159,0.04321372984006628,-0.6761130055366901,
2021-06-14,2.160233843700012,0.2815579807521569,0.15192661714019987,-0.6761130055366901,
2021-06-15,1.1271150665821676,-0.2547764957244175,0.5867781663407342,-0.6761130055366901,
2021-06-16,1.766664785750357,1.0190178859074466,0.8042039409410013,2.7426378065126196,
2021-06-17,3.2425487530615635,0.8178924572287313,1.7282634829921368,2.98683429308757,
2021-06-18,1.373095727800702,0.0804325520734415,0.6954910536408678,2.7426378065126196,
2021-06-19,1.0287228020947539,-0.0536510670457021,0.20628306079026665,-0.6761130055366901,
2021-06-20,-1.6770644713091247,-0.2547764957244175,-0.011142713810000511,1.1146612293462816,
2021-06-21,1.7174686535066501,-0.12069287660527389,1.1846990464914688,7.463769880294999,
2021-06-22,0.8319382731199263,0.41564159987130045,1.0759861591913353,1.3588577159212325,
2021-06-23,0.6351537441450988,0.6838088381095877,1.1846990464914688,1.7658518602128168,
2021-06-24,0.979526669851047,0.41564159987130045,1.2390554901415358,1.0332624004879647,
2021-06-25,1.9634493147251846,-0.1877346861648457,0.912916828241135,-0.6761130055366901,
2021-06-26,2.1110377114563055,-0.5229437339627047,0.31499594809040027,-0.6761130055366901,
2021-06-27,0.14319242170802998,-0.1877346861648457,0.15192661714019987,-0.6761130055366901,
2021-06-28,2.160233843700012,0.2145161711925851,0.5324217226906675,-0.6761130055366901,
2021-06-29,3.094960356330443,-0.3218183052839893,0.42370883539053383,0.6262682561963803,
2021-06-30,0.979526669851047,0.013390742513869696,0.5867781663407342,0.8704647427713309,
2021-07-01,0.5367614796576851,0.4826834094308723,-0.44599426301053485,0.7076670850546971,-0.9699162915785234
2021-07-02,-0.5947495619475732,0.013390742513869696,-0.7177764812608688,-0.6761130055366901,-0.9699162915785234
2021-07-03,-0.4471611652164526,-0.3888601148435611,-0.8264893685610024,-0.6761130055366901,-0.9699162915785234
2021-07-04,-1.6770644713091247,-0.4559019244031329,-0.7721329249109357,-0.6761130055366901,-0.9699162915785234
2021-07-05,0.4383692151702713,0.14747436163301328,-0.8264893685610024,-0.6761130055366901,-0.9699162915785234
2021-07-06,0.6351537441450988,0.41564159987130045,-0.8808458122110692,-0.6761130055366901,-0.9699162915785234
2021-07-07,0.14319242170802998,0.34859979031172866,-0.7177764812608688,-0.6761130055366901,-0.9699162915785234
2021-07-08,0.3399769506828575,0.6838088381095877,-0.7177764812608688,-0.6761130055366901,-0.9699162915785234
2021-07-09,-0.3487689007290388,-0.2547764957244175,-0.7721329249109357,-0.6761130055366901,-0.9699162915785234
2021-07-10,-1.6770644713091247,-0.7911109722009919,-0.8264893685610024,-0.6761130055366901,-0.9699162915785234
2021-07-11,-1.6770644713091247,-0.1877346861648457,-0.7721329249109357,-0.6761130055366901,-0.9699162915785234
2021-07-12,-0.29957276848533193,-0.5229437339627047,-0.7177764812608688,-0.6761130055366901,-0.9699162915785234
2021-07-13,-0.004395975023090653,1.8235196006223082,-0.7721329249109357,-0.6761130055366901,-0.9699162915785234
2021-07-14,-0.1519843717542113,1.7564777910627365,-0.663420037610802,-0.6761130055366901,-0.9699162915785234
2021-07-15,-0.3979650329727457,0.7508506476691594,-0.7721329249109357,-0.6761130055366901,-0.9699162915785234
2021-07-16,-0.4471611652164526,-0.6570273530818482,-0.8264893685610024,-0.6761130055366901,-0.9699162915785234
2021-07-17,-0.4963572974601595,-0.2547764957244175,-0.7721329249109357,-0.6761130055366901,-0.9699162915785234
2021-07-18,-0.7423379586786939,-0.1877346861648457,-0.935202255861136,-0.6761130055366901,-0.9699162915785234
2021-07-19,-0.3979650329727457,0.4826834094308723,-0.7721329249109357,-0.6761130055366901,-0.9699162915785234
2021-07-20,-0.053592107266797535,0.0804325520734415,-0.8808458122110692,-0.6761130055366901,-0.9699162915785234
2021-07-21,-0.5455534297038663,0.013390742513869696,-0.8264893685610024,-0.6761130055366901,-0.9699162915785234
2021-07-22,-0.5455534297038663,-0.1877346861648457,-0.8264893685610024,-0.6761130055366901,-0.9699162915785234
2021-07-23,0.04480015722061623,-0.3218183052839893,-0.8264893685610024,-0.6761130055366901,-0.9699162915785234
2021-07-24,-1.6770644713091247,-0.4559019244031329,-0.8808458122110692,-0.6761130055366901,-0.9699162915785234
2021-07-25,-1.6770644713091247,-0.3218183052839893,-0.7721329249109357,-0.6761130055366901,-0.9699162915785234
2021-07-26,-0.7423379586786939,-0.3218183052839893,-0.8264893685610024,-0.6761130055366901,-0.9699162915785234
2021-07-27,-0.3979650329727457,-0.7240691626414201,-0.7721329249109357,-0.6761130055366901,-0.9699162915785234
2021-07-28,-0.4963572974601595,-0.3218183052839893,-0.8264893685610024,-0.6761130055366901,-0.9699162915785234
2021-07-29,-1.6770644713091247,0.14747436163301328,-0.935202255861136,-0.6761130055366901,-0.9699162915785234
2021-07-30,-0.4963572974601595,-0.0536510670457021,-0.8264893685610024,-0.6761130055366901,-0.9699162915785234
2021-07-31,-1.6770644713091247,-0.3888601148435611,-0.8808458122110692,-0.6761130055366901,-0.9699162915785234
2021-08-01,-1.6770644713091247,-0.2547764957244175,-0.8808458122110692,-0.6761130055366901,-0.9699162915785234
2021-08-02,-0.6439456941912801,-0.2547764957244175,-0.8264893685610024,-0.6761130055366901,-0.9699162915785234
2021-08-03,-0.1519843717542113,-0.12069287660527389,-0.7721329249109357,-0.6761130055366901,-0.9699162915785234
2021-08-04,-0.1519843717542113,-0.2547764957244175,-0.7721329249109357,-0.6761130055366901,-0.9699162915785234
2021-08-05,0.14319242170802998,-0.3218183052839893,-0.935202255861136,-0.6761130055366901,-0.9699162915785234
2021-08-06,-1.6770644713091247,-0.12069287660527389,-0.935202255861136,-0.6761130055366901,-0.9699162915785234
2021-08-07,-1.6770644713091247,-0.5229437339627047,-0.8808458122110692,-0.6761130055366901,-0.9699162915785234
2021-08-08,-1.6770644713091247,-0.7240691626414201,-0.8808458122110692,-0.6761130055366901,-0.9699162915785234
2021-08-09,-0.7915340909224008,-0.1877346861648457,-0.935202255861136,-0.6761130055366901,-0.9699162915785234
2021-08-10,-0.4963572974601595,-0.4559019244031329,-0.7721329249109357,-0.6761130055366901,-0.9699162915785234
2021-08-11,-0.7915340909224008,-0.3218183052839893,-0.8264893685610024,-0.6761130055366901,-0.9699162915785234
2021-08-12,-0.3979650329727457,0.549725218990444,-0.8808458122110692,0.6262682561963803,-0.9699162915785234
2021-08-13,-1.6770644713091247,-0.3218183052839893,-0.935202255861136,-0.6761130055366901,-0.9699162915785234
2021-08-14,-1.6770644713091247,-0.7911109722009919,-0.8808458122110692,-0.6761130055366901,-0.9699162915785234
2021-08-15,-0.7423379586786939,-0.6570273530818482,-0.8808458122110692,-0.6761130055366901,-0.9699162915785234
2021-08-16,-0.4963572974601595,-0.5899855435222765,-0.8264893685610024,-0.6761130055366901,-0.9699162915785234
2021-08-17,-0.3487689007290388,-0.2547764957244175,-0.8264893685610024,-0.6761130055366901,-0.9699162915785234
2021-08-18,-0.1519843717542113,-0.1877346861648457,-0.7721329249109357,-0.6761130055366901,-0.9699162915785234
2021-08-19,-0.3979650329727457,-0.7240691626414201,-0.7721329249109357,-0.6761130055366901,-0.9699162915785234
2021-08-20,-1.6770644713091247,-0.6570273530818482,-0.8808458122110692,0.3006729407631127,-0.9699162915785234
2021-08-21,-0.693141826434987,-0.3888601148435611,-0.935202255861136,-0.6761130055366901,-0.9699162915785234
2021-08-22,-0.5947495619475732,-0.4559019244031329,-0.8808458122110692,0.7890659139130141,-0.9699162915785234
2021-08-23,-1.6770644713091247,-0.4559019244031329,-0.8808458122110692,-0.6761130055366901,-0.9699162915785234
2021-08-24,-1.6770644713091247,-0.0536510670457021,-1.0982715868113364,-0.6761130055366901,-0.9699162915785234
2021-08-25,-1.6770644713091247,-0.0536510670457021,-0.8264893685610024,-0.6761130055366901,-0.9699162915785234
2021-08-26,0.3891730829265644,-0.0536510670457021,-0.8264893685610024,1.0332624004879647,-0.9699162915785234
2021-08-27,0.585957611901392,-0.2547764957244175,-0.7721329249109357,0.2192741119047958,-0.9699162915785234
2021-08-28,-0.053592107266797535,-0.12069287660527389,-0.7177764812608688,-0.6761130055366901,-0.9699162915785234
2021-08-29,0.5367614796576851,0.6838088381095877,-0.8808458122110692,0.3006729407631127,-0.9699162915785234
2021-08-30,-0.10278823951050442,0.2815579807521569,-0.8264893685610024,-0.6761130055366901,-0.9699162915785234
2021-08-31,0.585957611901392,0.0804325520734415,-0.8264893685610024,0.3820717696214296,-0.9699162915785234
2021-09-01,0.29078081843915066,-0.4559019244031329,-0.8264893685610024,-0.6761130055366901,-0.9699162915785234
2021-09-02,-0.1519843717542113,-0.2547764957244175,-0.8264893685610024,-0.6761130055366901,-0.9699162915785234
2021-09-03,-0.4963572974601595,-0.5899855435222765,-0.8264893685610024,-0.6761130055366901,-0.9699162915785234
2021-09-04,-1.6770644713091247,-0.7911109722009919,-0.8264893685610024,-0.6761130055366901,-0.9699162915785234
2021-09-05,-1.6770644713091247,-0.3888601148435611,-0.8808458122110692,-0.6761130055366901,-0.9699162915785234
2021-09-06,0.48756534741397817,-0.7240691626414201,-0.935202255861136,-0.6761130055366901,-0.9699162915785234
2021-09-07,-0.693141826434987,0.2145161711925851,-0.7721329249109357,0.2192741119047958,-0.9699162915785234
2021-09-08,0.04480015722061623,0.41564159987130045,-0.7177764812608688,0.7890659139130141,-0.9699162915785234
2021-09-09,0.04480015722061623,0.013390742513869696,-0.8808458122110692,0.3820717696214296,-0.9699162915785234
2021-09-10,-0.3979650329727457,-0.5229437339627047,-0.8264893685610024,-0.6761130055366901,-0.9699162915785234
2021-09-11,-0.4963572974601595,0.2145161711925851,-0.7721329249109357,-0.6761130055366901,-0.9699162915785234
2021-09-12,-0.6439456941912801,-0.12069287660527389,-0.8264893685610024,-0.6761130055366901,-0.9699162915785234
2021-09-13,-0.004395975023090653,0.2815579807521569,-0.8264893685610024,-0.6761130055366901,-0.9699162915785234
2021-09-14,0.48756534741397817,0.6167670285500159,-0.8808458122110692,-0.6761130055366901,-0.9699162915785234
2021-09-15,0.19238855395173687,0.0804325520734415,-0.7721329249109357,-0.6761130055366901,-0.9699162915785234
2021-09-16,0.24158468619544377,0.2815579807521569,-0.7721329249109357,-0.6761130055366901,-0.9699162915785234
2021-09-17,-0.053592107266797535,-0.12069287660527389,-0.7721329249109357,-0.6761130055366901,-0.9699162915785234
2021-09-18,-1.6770644713091247,-0.4559019244031329,-0.8808458122110692,-0.6761130055366901,-0.9699162915785234
2021-09-19,-1.6770644713091247,-0.5899855435222765,-0.8808458122110692,-0.6761130055366901,-0.9699162915785234
2021-09-20,-1.6770644713091247,0.34859979031172866,-0.8808458122110692,-0.6761130055366901,-0.9699162915785234
2021-09-21,-0.25037663624162504,-0.12069287660527389,-0.7721329249109357,-0.6761130055366901,-0.9699162915785234
2021-09-22,0.29078081843915066,-0.4559019244031329,-0.7177764812608688,1.5216553736378662,-0.9699162915785234
2021-09-23,-0.693141826434987,-0.0536510670457021,-0.7721329249109357,1.5216553736378662,-0.9699162915785234
2021-09-24,0.14319242170802998,-0.7240691626414201,-0.7177764812608688,0.6262682561963803,-0.9699162915785234
2021-09-25,-1.6770644713091247,-0.4559019244031329,-0.8808458122110692,-0.6761130055366901,-0.9699162915785234
2021-09-26,0.29078081843915066,0.34859979031172866,-0.7721329249109357,-0.6761130055366901,-0.9699162915785234
2021-09-27,1.3238995955569952,0.41564159987130045,-0.7177764812608688,0.5448694273380633,-0.9699162915785234
2021-09-28,0.585957611901392,0.0804325520734415,-0.2285684884102677,-0.6761130055366901,-0.9699162915785234
2021-09-29,0.979526669851047,0.884934266788303,-0.011142713810000511,-0.6761130055366901,-0.9699162915785234
2021-09-30,1.1271150665821676,-0.12069287660527389,-0.44599426301053485,-0.6761130055366901,-0.9699162915785234
2021-10-01,-0.10278823951050442,1.287185124145734,-0.6090635939607353,-0.6761130055366901,-0.9699162915785234
2021-10-02,-0.004395975023090653,0.549725218990444,-0.8808458122110692,-0.6761130055366901,-0.9699162915785234
2021-10-03,0.24158468619544377,0.0804325520734415,-0.663420037610802,-0.6761130055366901,-0.9699162915785234
2021-10-04,0.0939962894643231,0.4826834094308723,-0.6090635939607353,-0.6761130055366901,-0.9699162915785234
2021-10-05,1.5206841245318228,1.957603219741452,-0.663420037610802,-0.6761130055366901,-0.9699162915785234
2021-10-06,2.7013912983807877,3.164355791813744,-0.5003507066606017,-0.6761130055366901,-0.9699162915785234
2021-10-07,2.4554106371622533,2.9632303631350285,-0.6090635939607353,-0.6761130055366901,-0.9699162915785234
2021-10-08,2.4062145049185464,0.8178924572287313,-0.6090635939607353,-0.6761130055366901,-0.9699162915785234
2021-10-09,-0.6439456941912801,1.0190178859074466,-0.7177764812608688,-0.6761130055366901,-0.9699162915785234
2021-10-10,0.04480015722061623,0.14747436163301328,-0.7721329249109357,-0.6761130055366901,-0.9699162915785234
2021-10-11,1.6190763890192363,1.555352362384021,0.7498474972909346,0.3006729407631127,-0.9699162915785234
2021-10-12,1.0779189343384608,3.5666066491711748,1.130342602841402,-0.6761130055366901,-0.9699162915785234
2021-10-13,1.373095727800702,3.7006902682903187,0.369352391740467,0.7890659139130141,-0.9699162915785234
2021-10-14,1.7174686535066501,4.3040665543264645,0.09757017349013307,-0.6761130055366901,-0.9699162915785234
2021-10-15,0.9303305376073401,2.0246450293010234,1.7826199266422036,0.3006729407631127,-0.9699162915785234
2021-10-16,0.3891730829265644,1.957603219741452,0.20628306079026665,-0.6761130055366901,-0.9699162915785234
2021-10-17,0.979526669851047,1.3542269337053057,-0.0654991574600673,-0.6761130055366901,-0.9699162915785234
2021-10-18,3.2425487530615635,2.560979505777598,0.31499594809040027,-0.6761130055366901,-0.9699162915785234
2021-10-19,2.160233843700012,2.0246450293010234,0.5867781663407342,1.1960600582045986,-0.9699162915785234
2021-10-20,0.979526669851047,2.225770457979739,0.8042039409410013,-0.6761130055366901,-0.9699162915785234
2021-10-21,1.1763111988258745,1.1531015050265903,0.04321372984006628,0.7890659139130141,-0.9699162915785234
2021-10-22,1.5206841245318228,1.555352362384021,-0.2829249320603345,-0.6761130055366901,-0.9699162915785234
2021-10-23,-0.10278823951050442,0.884934266788303,-0.39163781936046804,-0.6761130055366901,-0.9699162915785234
2021-10-24,-0.25037663624162504,0.7508506476691594,-0.6090635939607353,0.5448694273380633,-0.9699162915785234
2021-10-25,1.815860917994064,2.6280213153371696,-0.2285684884102677,0.3820717696214296,-0.9699162915785234
2021-10-26,0.29078081843915066,2.225770457979739,-0.3372813757104013,0.5448694273380633,-0.9699162915785234
2021-10-27,1.0287228020947539,1.7564777910627365,-0.5003507066606017,-0.6761130055366901,-0.9699162915785234
2021-10-28,1.9142531824814777,2.4268958866584542,-0.39163781936046804,-0.6761130055366901,-0.9699162915785234
2021-10-29,0.7827421408762194,0.6167670285500159,-0.39163781936046804,-0.6761130055366901,-0.9699162915785234
2021-10-30,-0.3487689007290388,0.884934266788303,-0.5547071503106684,-0.6761130055366901,-0.9699162915785234
2021-10-31,-1.6770644713091247,0.41564159987130045,-0.5547071503106684,-0.6761130055366901,-0.9699162915785234
2021-11-01,0.7827421408762194,0.884934266788303,-0.5003507066606017,-0.6761130055366901,-0.9699162915785234
2021-11-02,-0.004395975023090653,1.89056141018188,-0.6090635939607353,0.4634705984797465,-0.9699162915785234
2021-11-03,0.979526669851047,2.493937696218026,-0.39163781936046804,0.9518635716296479,-0.9699162915785234
2021-11-04,0.7827421408762194,2.0916868388605954,-0.011142713810000511,2.5798401487959857,-0.9699162915785234
2021-11-05,0.29078081843915066,0.2145161711925851,-0.44599426301053485,1.1146612293462816,-0.9699162915785234
2021-11-06,-0.5455534297038663,0.6838088381095877,-0.7177764812608688,0.3820717696214296,-0.9699162915785234
2021-11-07,0.6351537441450988,0.013390742513869696,-0.5547071503106684,0.4634705984797465,-0.9699162915785234
2021-11-08,0.14319242170802998,0.6838088381095877,-0.39163781936046804,0.7076670850546971,-0.9699162915785234
2021-11-09,1.6190763890192363,1.8235196006223082,-0.39163781936046804,0.6262682561963803,-0.9699162915785234
2021-11-10,0.6351537441450988,3.0973139822541724,-0.39163781936046804,0.7076670850546971,-0.9699162915785234
2021-11-11,0.8811344053636332,3.76773207784989,-0.5003507066606017,0.2192741119047958,-0.9699162915785234
2021-11-12,1.0779189343384608,1.287185124145734,-0.5547071503106684,-0.6761130055366901,-0.9699162915785234
2021-11-13,-0.29957276848533193,0.6838088381095877,-0.663420037610802,-0.6761130055366901,-0.9699162915785234
2021-11-14,-0.29957276848533193,0.0804325520734415,-0.6090635939607353,0.3820717696214296,-0.9699162915785234
2021-11-15,1.373095727800702,1.89056141018188,-0.5003507066606017,-0.6761130055366901,-0.9699162915785234
2021-11-16,0.4383692151702713,1.957603219741452,-0.39163781936046804,-0.6761130055366901,-0.9699162915785234
2021-11-17,0.19238855395173687,2.2928122675393108,0.42370883539053383,0.8704647427713309,-0.9699162915785234
2021-11-18,1.1271150665821676,1.4212687432648774,-0.0654991574600673,-0.6761130055366901,-0.9699162915785234
2021-11-19,0.48756534741397817,1.4212687432648774,-0.39163781936046804,-0.6761130055366901,-0.9699162915785234
2021-11-20,-0.3979650329727457,0.2815579807521569,-0.5003507066606017,-0.6761130055366901,-0.9699162915785234
2021-11-21,-0.10278823951050442,0.8178924572287313,-0.5547071503106684,0.2192741119047958,-0.9699162915785234
2021-11-22,0.8811344053636332,1.0190178859074466,-0.5547071503106684,-0.6761130055366901,-0.9699162915785234
2021-11-23,-0.3979650329727457,2.0246450293010234,4.337372778195343,1.6030542024961831,-0.9699162915785234
2021-11-24,0.6351537441450988,3.164355791813744,0.8585603845910682,1.0332624004879647,-0.9699162915785234
2021-11-25,0.4383692151702713,2.829146744015885,0.47806527904060064,1.2774588870629153,-0.9699162915785234
2021-11-26,0.4383692151702713,1.957603219741452,-0.1198556011101341,0.3006729407631127,-0.9699162915785234
2021-11-27,-0.5455534297038663,1.6223941719435928,-0.3372813757104013,-0.6761130055366901,-0.9699162915785234
2021-11-28,0.14319242170802998,1.3542269337053057,-0.5003507066606017,-0.6761130055366901,-0.9699162915785234
2021-11-29,0.6843498763888057,0.9519760763478748,-0.5547071503106684,0.4634705984797465,-0.9699162915785234
2021-11-30,1.0779189343384608,1.7564777910627365,-0.3372813757104013,0.8704647427713309,-0.9699162915785234
2021-12-01,0.6351537441450988,2.6280213153371696,-0.6090635939607353,0.7076670850546971,-0.9699162915785234
2021-12-02,0.24158468619544377,1.8235196006223082,-0.44599426301053485,0.7890659139130141,-0.9699162915785234
2021-12-03,0.0939962894643231,1.0860596954670185,-0.5547071503106684,0.7890659139130141,-0.9699162915785234
2021-12-04,-0.3979650329727457,0.2815579807521569,-0.8808458122110692,0.6262682561963803,-0.9699162915785234
2021-12-05,-0.5455534297038663,0.884934266788303,-0.7721329249109357,0.4634705984797465,-0.9699162915785234
2021-12-06,0.3399769506828575,1.220143314586162,-0.7721329249109357,0.3820717696214296,-0.9699162915785234
2021-12-07,0.4383692151702713,1.0860596954670185,-0.44599426301053485,0.7076670850546971,-0.9699162915785234
2021-12-08,-1.6770644713091247,0.6167670285500159,-0.6090635939607353,0.4634705984797465,2.7464386302819817
2021-12-09,0.3399769506828575,0.549725218990444,-0.5547071503106684,1.5216553736378662,-0.9699162915785234
2021-12-10,-0.10278823951050442,2.225770457979739,-0.5547071503106684,0.8704647427713309,-0.9699162915785234
2021-12-11,-1.6770644713091247,2.0246450293010234,-0.7721329249109357,0.5448694273380633,-0.9699162915785234
2021-12-12,-0.29957276848533193,2.0246450293010234,-0.663420037610802,0.3820717696214296,-0.9699162915785234
2021-12-13,0.6843498763888057,1.4212687432648774,-0.6090635939607353,1.3588577159212325,-0.9699162915785234
2021-12-14,0.19238855395173687,1.6223941719435928,-0.5547071503106684,1.1146612293462816,-0.9699162915785234
2021-12-15,0.14319242170802998,2.493937696218026,-0.39163781936046804,5.021805014545492,-0.9699162915785234
2021-12-16,-1.6770644713091247,3.164355791813744,-0.3372813757104013,7.463769880294999,-0.9699162915785234
2021-12-17,0.29078081843915066,3.231397601373316,-0.5547071503106684,4.533412041395591,-0.9699162915785234
2021-12-18,-0.4963572974601595,0.6167670285500159,-0.7177764812608688,1.2774588870629153,-0.9699162915785234
2021-12-19,-0.693141826434987,0.7508506476691594,-0.7177764812608688,1.1146612293462816,-0.9699162915785234
2021-12-20,0.29078081843915066,1.4212687432648774,-0.663420037610802,2.0100483467877677,-0.9699162915785234
2021-12-21,0.8811344053636332,1.287185124145734,-0.39163781936046804,1.0332624004879647,-0.9699162915785234
2021-12-22,0.6843498763888057,1.0860596954670185,-0.6090635939607353,1.6844530313545,-0.9699162915785234
2021-12-23,0.9303305376073401,0.8178924572287313,-0.5003507066606017,0.7890659139130141,-0.9699162915785234
2021-12-24,0.7827421408762194,0.6838088381095877,-0.7177764812608688,-0.6761130055366901,-0.9699162915785234
2021-12-25,-1.6770644713091247,0.34859979031172866,-0.8264893685610024,0.6262682561963803,-0.9699162915785234
2021-12-26,-0.7423379586786939,0.14747436163301328,-0.8264893685610024,-0.6761130055366901,-0.9699162915785234
2021-12-27,-0.4963572974601595,0.34859979031172866,-0.6090635939607353,0.8704647427713309,-0.9699162915785234
2021-12-28,-0.4963572974601595,0.2815579807521569,-0.5547071503106684,0.8704647427713309,-0.9699162915785234
2021-12-29,-0.6439456941912801,0.013390742513869696,-0.6090635939607353,0.4634705984797465,-0.9699162915785234
2021-12-30,-0.053592107266797535,-0.3218183052839893,-0.5003507066606017,0.3006729407631127,-0.9699162915785234
2021-12-31,-1.6770644713091247,0.0804325520734415,-0.8264893685610024,0.3006729407631127,2.3376395888773263
2022-01-01,-1.3326915456031765,-0.9922364008797072,-0.9895586995112028,-0.6761130055366901,-0.9699162915785234
2022-01-02,-1.086710884384642,-1.059278210439279,-0.9895586995112028,-0.35051769010342243,-0.9699162915785234
2022-01-03,-1.1851031488720558,-0.7911109722009919,-0.935202255861136,-0.4319165189617393,-0.9699162915785234
2022-01-04,-1.0375147521409351,-0.6570273530818482,-0.39163781936046804,-0.10632120352847177,-0.9699162915785234
2022-01-05,-1.135907016628349,-0.3888601148435611,-0.6090635939607353,0.05647645418816201,-0.9699162915785234
2022-01-06,-0.9391224876535214,-0.7911109722009919,-0.7721329249109357,0.3006729407631127,-0.9699162915785234
2022-01-07,-1.1851031488720558,-0.5899855435222765,-0.8264893685610024,0.2192741119047958,-0.9699162915785234
2022-01-08,-1.1851031488720558,-0.5899855435222765,-0.8808458122110692,0.05647645418816201,-0.9699162915785234
2022-01-09,-1.6770644713091247,-0.8581527817605636,-0.935202255861136,-0.35051769010342243,-0.9699162915785234
2022-01-10,-0.9883186198972282,-0.8581527817605636,-0.8808458122110692,0.1378752830464789,-0.9699162915785234
2022-01-11,-0.7423379586786939,-0.1877346861648457,-0.8264893685610024,0.2192741119047958,-0.9699162915785234
2022-01-12,-0.9391224876535214,0.4826834094308723,-0.8808458122110692,0.2192741119047958,-0.9699162915785234
2022-01-13,-0.8407302231661077,-0.12069287660527389,-0.8808458122110692,0.1378752830464789,-0.9699162915785234
2022-01-14,-1.086710884384642,-0.12069287660527389,-0.8808458122110692,0.2192741119047958,-0.9699162915785234
2022-01-15,-1.2342992811157627,-0.5229437339627047,-0.935202255861136,-0.26911886124510553,-0.9699162915785234
2022-01-16,-1.6770644713091247,-0.5899855435222765,-0.935202255861136,-0.024922374670154884,-0.9699162915785234
2022-01-17,-0.4963572974601595,-0.5229437339627047,-0.8808458122110692,-0.024922374670154884,-0.9699162915785234
2022-01-18,-0.8899263554098146,-0.4559019244031329,-0.8808458122110692,0.2192741119047958,-0.9699162915785234
2022-01-19,-0.693141826434987,-0.2547764957244175,-0.935202255861136,0.3006729407631127,-0.9327527423599183
2022-01-20,-0.8407302231661077,-0.0536510670457021,-0.8808458122110692,0.2192741119047958,-0.9327527423599183
2022-01-21,-0.9883186198972282,-0.3218183052839893,-0.935202255861136,0.05647645418816201,-0.8955891931413134
2022-01-22,-1.2342992811157627,-0.4559019244031329,-0.935202255861136,0.3006729407631127,-0.9327527423599183
2022-01-23,-0.9391224876535214,-0.2547764957244175,-0.935202255861136,0.1378752830464789,-0.9327527423599183
2022-01-24,-0.7423379586786939,-0.0536510670457021,-0.8808458122110692,0.5448694273380633,-0.7097714470482881
2022-01-25,-1.135907016628349,0.013390742513869696,-0.935202255861136,0.3006729407631127,-0.5611172501738678
2022-01-26,-0.7423379586786939,-0.1877346861648457,-0.8808458122110692,1.5216553736378662,-0.7097714470482881
2022-01-27,-0.7915340909224008,0.549725218990444,-0.8264893685610024,2.2542448333627183,-0.7469349962668931
2022-01-28,-0.693141826434987,-0.1877346861648457,-0.8808458122110692,0.6262682561963803,-0.8212620947041033
2022-01-29,-0.8407302231661077,-0.5899855435222765,-0.935202255861136,-0.024922374670154884,-0.8212620947041033
2022-01-30,-1.135907016628349,-0.3218183052839893,-0.935202255861136,-0.10632120352847177,-0.8584256439227083
2022-01-31,-0.693141826434987,-0.0536510670457021,-0.8808458122110692,0.3006729407631127,-0.8584256439227083
2022-02-01,-0.9391224876535214,-0.12069287660527389,-0.935202255861136,0.3820717696214296,-0.8584256439227083
2022-02-02,-0.6439456941912801,-0.3888601148435611,-0.935202255861136,-0.024922374670154884,-0.7840985454854982
2022-02-03,0.0939962894643231,0.2145161711925851,-0.8808458122110692,0.3820717696214296,-0.8212620947041033
2022-02-04,-0.20118050399791818,0.0804325520734415,-0.935202255861136,0.2192741119047958,-0.8584256439227083
2022-02-05,-0.9391224876535214,-0.3888601148435611,-0.9895586995112028,-0.10632120352847177,-0.8955891931413134
2022-02-06,-0.9883186198972282,-0.7240691626414201,-0.935202255861136,-0.26911886124510553,-0.8212620947041033
2022-02-07,-0.6439456941912801,-0.5229437339627047,-0.935202255861136,-0.024922374670154884,-0.7469349962668931
2022-02-08,-0.20118050399791818,0.013390742513869696,-0.935202255861136,0.05647645418816201,-0.7840985454854982
2022-02-09,0.9303305376073401,-0.4559019244031329,-0.935202255861136,-0.18772003238678867,-0.8584256439227083
2022-02-10,-0.5455534297038663,-0.12069287660527389,-0.8264893685610024,0.05647645418816201,-0.8584256439227083
2022-02-11,-0.6439456941912801,0.6167670285500159,-0.8808458122110692,0.6262682561963803,-0.3752995040808426
2022-02-12,-0.9883186198972282,0.013390742513869696,-0.9895586995112028,-0.18772003238678867,-0.3009724056436325
2022-02-13,-0.1519843717542113,-0.4559019244031329,-0.9895586995112028,-0.10632120352847177,-0.41246305329944766
2022-02-14,-0.20118050399791818,1.0190178859074466,-0.8808458122110692,-0.024922374670154884,-0.3009724056436325
2022-02-15,-0.1519843717542113,0.41564159987130045,-0.8808458122110692,-0.10632120352847177,-0.3752995040808426
2022-02-16,-0.29957276848533193,-0.3888601148435611,-0.8808458122110692,0.05647645418816201,-0.5239537009552628
2022-02-17,-0.29957276848533193,-0.0536510670457021,-0.8808458122110692,-0.18772003238678867,-0.5239537009552628
2022-02-18,-0.6439456941912801,-0.4559019244031329,-0.935202255861136,-0.10632120352847177,-0.5239537009552628
2022-02-19,-0.4963572974601595,-0.5899855435222765,-0.935202255861136,-0.26911886124510553,-0.3752995040808426
2022-02-20,-0.7423379586786939,-0.7240691626414201,-0.935202255861136,-0.26911886124510553,-0.48679015173665774
2022-02-21,-0.29957276848533193,-0.3218183052839893,-0.935202255861136,-0.26911886124510553,-0.3009724056436325
2022-02-22,0.14319242170802998,-0.5899855435222765,-0.935202255861136,-0.26911886124510553,-0.003664011894792092
2022-02-23,0.7335460086325126,-0.4559019244031329,-0.935202255861136,-0.4319165189617393,-0.040827561113397144
2022-02-24,3.2425487530615635,0.9519760763478748,-0.8264893685610024,0.05647645418816201,2.7464386302819817
2022-02-25,2.3078222404311326,0.2145161711925851,-0.935202255861136,-0.10632120352847177,1.48287795684941
2022-02-26,1.766664785750357,-0.6570273530818482,-0.935202255861136,-0.35051769010342243,0.5166256771656786
2022-02-27,2.4062145049185464,0.013390742513869696,-0.935202255861136,-0.35051769010342243,0.7024434232587039
2022-02-28,1.0287228020947539,1.4212687432648774,-0.8808458122110692,1.1146612293462816,0.7396069724773089
2022-03-01,1.6190763890192363,0.7508506476691594,-0.8808458122110692,0.1378752830464789,0.21931728341683823
2022-03-02,0.8811344053636332,0.7508506476691594,-0.8808458122110692,1.5216553736378662,0.25648083263544325
2022-03-03,0.5367614796576851,0.549725218990444,-0.935202255861136,0.4634705984797465,0.29364438185404834
2022-03-04,0.8811344053636332,0.41564159987130045,-0.9895586995112028,-0.10632120352847177,0.3679714802912584
2022-03-05,-0.20118050399791818,0.0804325520734415,-0.935202255861136,-0.35051769010342243,0.03349953732381296
2022-03-06,-0.20118050399791818,0.013390742513869696,-0.935202255861136,-0.35051769010342243,-0.1523182087692123
2022-03-07,0.6843498763888057,0.2815579807521569,-0.935202255861136,-0.18772003238678867,-0.040827561113397144
2022-03-08,0.585957611901392,0.2815579807521569,-0.8808458122110692,-0.10632120352847177,-0.040827561113397144
2022-03-09,0.7335460086325126,0.549725218990444,-0.935202255861136,-0.10632120352847177,0.03349953732381296
2022-03-10,-0.20118050399791818,0.884934266788303,-0.8264893685610024,-0.024922374670154884,-0.040827561113397144
2022-03-11,-0.4471611652164526,0.9519760763478748,-0.5003507066606017,-0.024922374670154884,-0.18948175798781736
2022-03-12,-0.693141826434987,0.2145161711925851,-0.7177764812608688,-0.18772003238678867,-0.2266453072064224
2022-03-13,-0.8899263554098146,0.41564159987130045,-0.8264893685610024,-0.26911886124510553,-0.18948175798781736
2022-03-14,-0.4471611652164526,0.6838088381095877,-0.1198556011101341,0.3006729407631127,-0.1523182087692123
2022-03-15,-0.8899263554098146,0.2145161711925851,-0.3372813757104013,0.8704647427713309,-0.2266453072064224
2022-03-16,-0.7423379586786939,0.2815579807521569,-0.44599426301053485,2.0100483467877677,-0.26380885642502744
2022-03-17,-0.8407302231661077,1.0190178859074466,-0.44599426301053485,2.172846004504401,-0.3009724056436325
2022-03-18,-0.8899263554098146,0.0804325520734415,-0.39163781936046804,0.5448694273380633,-0.41246305329944766
2022-03-19,-1.1851031488720558,0.34859979031172866,-0.663420037610802,-0.10632120352847177,-0.4496266025180527
2022-03-20,-1.086710884384642,1.3542269337053057,-0.7721329249109357,-0.35051769010342243,-0.5239537009552628
2022-03-21,-0.9391224876535214,-0.3218183052839893,-0.7721329249109357,-0.024922374670154884,-0.4496266025180527
2022-03-22,-0.4471611652164526,0.7508506476691594,1.945689257592404,0.6262682561963803,-0.41246305329944766
2022-03-23,0.5367614796576851,0.14747436163301328,0.26063950444033346,-0.024922374670154884,-0.4496266025180527
2022-03-24,1.1763111988258745,-0.1877346861648457,0.31499594809040027,0.1378752830464789,-0.41246305329944766
2022-03-25,-0.3487689007290388,-0.5229437339627047,-0.0654991574600673,-0.10632120352847177,-0.48679015173665774
2022-03-26,-0.693141826434987,-0.5899855435222765,-0.39163781936046804,-0.26911886124510553,-0.48679015173665774
2022-03-27,-0.7915340909224008,-0.6570273530818482,-0.5547071503106684,-0.10632120352847177,-0.5982807993924729
2022-03-28,-0.3487689007290388,0.41564159987130045,3.4133132361442073,0.3006729407631127,-0.5982807993924729
2022-03-29,-0.7423379586786939,0.013390742513869696,1.402124821091736,-0.10632120352847177,-0.5611172501738678
2022-03-30,-0.3487689007290388,0.0804325520734415,0.31499594809040027,-0.10632120352847177,-0.5982807993924729
2022-03-31,-0.29957276848533193,-0.5229437339627047,-0.39163781936046804,-0.18772003238678867,-0.672607897829683
2022-04-01,0.7335460086325126,-0.5229437339627047,-0.44599426301053485,-0.18772003238678867,-0.635444348611078
2022-04-02,-0.6439456941912801,-0.5899855435222765,-0.5547071503106684,-0.35051769010342243,-0.672607897829683
2022-04-03,-0.7423379586786939,-0.7240691626414201,-0.5547071503106684,-0.4319165189617393,-0.635444348611078
2022-04-04,-0.3979650329727457,-0.5229437339627047,-0.5003507066606017,-0.26911886124510553,-0.5239537009552628
2022-04-05,0.0939962894643231,-0.12069287660527389,-0.5003507066606017,-0.18772003238678867,-0.5611172501738678
2022-04-06,-0.4471611652164526,0.2815579807521569,-0.2829249320603345,0.05647645418816201,-0.5982807993924729
2022-04-07,-0.4471611652164526,-0.3888601148435611,-0.5547071503106684,-0.18772003238678867,-0.5611172501738678
2022-04-08,-0.1519843717542113,-0.3218183052839893,-0.5547071503106684,-0.26911886124510553,-0.5982807993924729
2022-04-09,-0.7423379586786939,-0.5899855435222765,-0.44599426301053485,-0.26911886124510553,-0.635444348611078
2022-04-10,-0.8899263554098146,-0.9251945913201355,-0.7177764812608688,-0.26911886124510553,-0.672607897829683
2022-04-11,-0.004395975023090653,-0.0536510670457021,0.20628306079026665,-0.18772003238678867,-0.5982807993924729
2022-04-12,0.29078081843915066,1.0190178859074466,-0.011142713810000511,0.05647645418816201,-0.5611172501738678
2022-04-13,-0.3979650329727457,0.41564159987130045,3.304600348844074,0.3006729407631127,-0.5982807993924729
2022-04-14,0.04480015722061623,0.2815579807521569,1.0216297155412686,0.7076670850546971,-0.5982807993924729
2022-04-15,-0.10278823951050442,-0.3888601148435611,0.369352391740467,-0.024922374670154884,-0.5982807993924729
2022-04-16,-0.5455534297038663,-0.5899855435222765,-0.17421204476020088,-0.26911886124510553,-0.635444348611078
2022-04-17,-0.6439456941912801,-0.5229437339627047,-0.2285684884102677,-0.4319165189617393,-0.635444348611078
2022-04-18,0.7335460086325126,-0.12069287660527389,0.8042039409410013,-0.024922374670154884,-0.5611172501738678
2022-04-19,0.48756534741397817,0.2815579807521569,4.337372778195343,0.3006729407631127,-0.635444348611078
2022-04-20,0.29078081843915066,0.4826834094308723,3.9025212289948086,0.3820717696214296,-0.5611172501738678
2022-04-21,-0.10278823951050442,0.0804325520734415,1.2934119337916026,0.3820717696214296,-0.5982807993924729
2022-04-22,-0.25037663624162504,-0.1877346861648457,0.47806527904060064,0.1378752830464789,-0.635444348611078
2022-04-23,-1.0375147521409351,-0.6570273530818482,0.09757017349013307,0.05647645418816201,-0.672607897829683
2022-04-24,-0.9883186198972282,-0.5899855435222765,0.04321372984006628,-0.10632120352847177,-0.7097714470482881
2022-04-25,-0.5455534297038663,-0.3888601148435611,0.09757017349013307,0.1378752830464789,-0.635444348611078
2022-04-26,-0.3487689007290388,-0.3218183052839893,-0.1198556011101341,-0.18772003238678867,-0.635444348611078
2022-04-27,0.6351537441450988,-0.4559019244031329,-0.2829249320603345,-0.024922374670154884,-0.672607897829683
2022-04-28,0.04480015722061623,-0.12069287660527389,3.1958874615439403,-0.024922374670154884,-0.7097714470482881
2022-04-29,-0.693141826434987,-0.2547764957244175,0.6954910536408678,-0.10632120352847177,-0.7469349962668931
2022-04-30,-0.8407302231661077,-0.4559019244031329,0.04321372984006628,-0.26911886124510553,-0.7469349962668931
2022-05-01,-0.8407302231661077,-0.8581527817605636,-0.1198556011101341,-0.18772003238678867,-0.7097714470482881
2022-05-02,-0.693141826434987,-0.9251945913201355,-0.011142713810000511,-0.024922374670154884,-0.7097714470482881
2022-05-03,-0.693141826434987,-1.059278210439279,-0.17421204476020088,0.05647645418816201,-0.7469349962668931
2022-05-04,-0.5947495619475732,-0.3218183052839893,-0.2285684884102677,1.5216553736378662,-0.7097714470482881
2022-05-05,-0.4963572974601595,0.0804325520734415,-0.2829249320603345,2.417042491079352,-0.7097714470482881
2022-05-06,-0.3487689007290388,0.14747436163301328,-0.17421204476020088,0.7890659139130141,-0.7097714470482881
2022-05-07,-0.9391224876535214,-0.4559019244031329,-0.3372813757104013,-0.18772003238678867,-0.7469349962668931
2022-05-08,-0.9883186198972282,-0.1877346861648457,-0.39163781936046804,-0.18772003238678867,-0.672607897829683
2022-05-09,-0.1519843717542113,0.013390742513869696,0.15192661714019987,0.1378752830464789,-0.5982807993924729
2022-05-10,-0.10278823951050442,-0.12069287660527389,-0.17421204476020088,-0.024922374670154884,-0.672607897829683
2022-05-11,-0.1519843717542113,0.41564159987130045,-0.2285684884102677,0.05647645418816201,-0.7097714470482881
2022-05-12,-0.1519843717542113,0.14747436163301328,-0.1198556011101341,0.1378752830464789,-0.7097714470482881
2022-05-13,-0.7915340909224008,-0.1877346861648457,-0.2829249320603345,-0.26911886124510553,-0.7097714470482881
2022-05-14,-1.135907016628349,-0.9251945913201355,-0.5547071503106684,-0.4319165189617393,-0.7097714470482881
2022-05-15,-1.1851031488720558,-0.8581527817605636,-0.5547071503106684,-0.35051769010342243,-0.672607897829683
2022-05-16,-0.5455534297038663,-0.0536510670457021,-0.39163781936046804,-0.18772003238678867,-0.672607897829683
2022-05-17,-0.5947495619475732,-0.2547764957244175,-0.44599426301053485,-0.10632120352847177,-0.635444348611078
2022-05-18,-0.5947495619475732,-0.0536510670457021,-0.39163781936046804,-0.10632120352847177,-0.672607897829683
2022-05-19,-0.6439456941912801,-0.2547764957244175,-0.39163781936046804,-0.26911886124510553,-0.672607897829683
2022-05-20,-0.6439456941912801,-0.1877346861648457,-0.5547071503106684,-0.26911886124510553,-0.7097714470482881
2022-05-21,-1.135907016628349,-0.3888601148435611,-0.6090635939607353,-0.35051769010342243,-0.7469349962668931
2022-05-22,-0.9883186198972282,-0.6570273530818482,-0.7177764812608688,-0.35051769010342243,-0.7097714470482881
2022-05-23,-0.7423379586786939,-0.3218183052839893,-0.5003507066606017,-0.26911886124510553,-0.7469349962668931
2022-05-24,-0.5455534297038663,-0.3218183052839893,-0.5003507066606017,-0.10632120352847177,-0.7097714470482881
2022-05-25,-0.8899263554098146,-0.3888601148435611,-0.5003507066606017,-0.024922374670154884,-0.7469349962668931
2022-05-26,-0.4963572974601595,-0.3888601148435611,-0.5547071503106684,-0.10632120352847177,-0.7469349962668931
2022-05-27,-0.7915340909224008,-0.5899855435222765,-0.6090635939607353,-0.26911886124510553,-0.7469349962668931
2022-05-28,-1.086710884384642,-1.1933618295584227,-0.7721329249109357,-0.4319165189617393,-0.7840985454854982
2022-05-29,-1.086710884384642,-0.9922364008797072,-0.7721329249109357,-0.4319165189617393,-0.7840985454854982
2022-05-30,-0.7915340909224008,-0.3888601148435611,-0.663420037610802,-0.18772003238678867,-0.7097714470482881
2022-05-31,-0.29957276848533193,0.0804325520734415,-0.6090635939607353,-0.18772003238678867,-0.7840985454854982
2022-06-01,-0.5947495619475732,0.013390742513869696,-0.44599426301053485,-0.26911886124510553,-0.7469349962668931
2022-06-02,-0.7423379586786939,-0.4559019244031329,-0.6090635939607353,-0.26911886124510553,-0.7840985454854982
2022-06-03,-0.7423379586786939,-0.6570273530818482,-0.6090635939607353,-0.10632120352847177,-0.7469349962668931
2022-06-04,-1.1851031488720558,-0.7240691626414201,-0.8264893685610024,-0.35051769010342243,-0.7469349962668931
2022-06-05,-1.135907016628349,-0.8581527817605636,-0.663420037610802,-0.4319165189617393,-0.7469349962668931
2022-06-06,-0.9883186198972282,-0.12069287660527389,-0.0654991574600673,-0.10632120352847177,-0.7469349962668931
2022-06-07,-0.7423379586786939,0.6838088381095877,1.2934119337916026,0.05647645418816201,-0.7469349962668931
2022-06-08,-0.693141826434987,0.41564159987130045,1.2390554901415358,-0.024922374670154884,-0.7469349962668931
2022-06-09,-0.4471611652164526,1.7564777910627365,0.8042039409410013,0.6262682561963803,-0.7469349962668931
2022-06-10,-0.7915340909224008,1.287185124145734,0.20628306079026665,0.3820717696214296,-0.7840985454854982
2022-06-11,-1.2834954133594696,0.8178924572287313,-0.2829249320603345,0.05647645418816201,-0.7840985454854982
2022-06-12,-1.2342992811157627,0.8178924572287313,-0.17421204476020088,-0.10632120352847177,-0.8212620947041033
2022-06-13,-0.8407302231661077,2.6280213153371696,3.630739010744475,0.9518635716296479,-0.7840985454854982
2022-06-14,-0.004395975023090653,1.89056141018188,1.7282634829921368,1.8472506890711338,-0.7840985454854982
2022-06-15,-0.3979650329727457,3.76773207784989,1.0216297155412686,6.89397807828678,-0.8212620947041033
2022-06-16,-0.5455534297038663,4.3040665543264645,0.6954910536408678,7.463769880294999,-0.7840985454854982
2022-06-17,-0.9883186198972282,1.957603219741452,0.5867781663407342,2.417042491079352,-0.8212620947041033
2022-06-18,-1.2342992811157627,0.4826834094308723,0.04321372984006628,0.4634705984797465,-0.8212620947041033
2022-06-19,-1.135907016628349,0.4826834094308723,0.26063950444033346,0.5448694273380633,-0.8212620947041033
2022-06-20,-0.7423379586786939,0.4826834094308723,0.369352391740467,0.4634705984797465,-0.8212620947041033
2022-06-21,-0.3487689007290388,0.7508506476691594,1.7282634829921368,0.3820717696214296,-0.8212620947041033
2022-06-22,-0.8407302231661077,0.8178924572287313,0.5867781663407342,0.3006729407631127,-0.7840985454854982
2022-06-23,-0.7915340909224008,0.4826834094308723,0.04321372984006628,0.2192741119047958,-0.7840985454854982
2022-06-24,-0.8899263554098146,-0.12069287660527389,-0.2285684884102677,-0.10632120352847177,-0.8212620947041033
2022-06-25,-1.1851031488720558,-0.5899855435222765,-0.39163781936046804,-0.26911886124510553,-0.8212620947041033
2022-06-26,-1.086710884384642,0.013390742513869696,-0.3372813757104013,-0.26911886124510553,-0.8212620947041033
2022-06-27,-0.7423379586786939,0.0804325520734415,-0.2285684884102677,-0.18772003238678867,-0.8212620947041033
2022-06-28,-0.8407302231661077,0.4826834094308723,-0.17421204476020088,-0.10632120352847177,-0.8212620947041033
2022-06-29,-0.8407302231661077,0.14747436163301328,-0.0654991574600673,-0.18772003238678867,-0.8212620947041033
2022-06-30,-0.8407302231661077,0.0804325520734415,-0.0654991574600673,-0.18772003238678867,-0.7840985454854982
2022-07-01,1.373095727800702,-0.6570273530818482,0.04321372984006628,-0.35051769010342243,0.8139340709145191
2022-07-02,-0.3487689007290388,-0.8581527817605636,-0.39163781936046804,-0.5133153478200563,0.3308079310726534
2022-07-03,-0.1519843717542113,-0.7911109722009919,-0.17421204476020088,-0.35051769010342243,0.8139340709145191
2022-07-04,0.0939962894643231,-0.5899855435222765,-0.2829249320603345,-0.35051769010342243,0.8510976201331241
2022-07-05,0.585957611901392,-0.4559019244031329,-0.3372813757104013,-0.26911886124510553,0.8139340709145191
2022-07-06,0.7827421408762194,-0.12069287660527389,-0.3372813757104013,-0.35051769010342243,0.5537892263842837
2022-07-07,0.9303305376073401,-0.5229437339627047,-0.44599426301053485,-0.35051769010342243,0.5166256771656786
2022-07-08,-0.3979650329727457,-0.9922364008797072,-0.1198556011101341,-0.4319165189617393,0.3308079310726534
2022-07-09,-0.5455534297038663,-1.1933618295584227,-0.5547071503106684,-0.5133153478200563,0.25648083263544325
2022-07-10,-0.8407302231661077,-0.9922364008797072,-0.6090635939607353,-0.6761130055366901,0.25648083263544325
2022-07-11,0.4383692151702713,-0.7240691626414201,0.09757017349013307,-0.4319165189617393,0.5166256771656786
2022-07-12,0.3399769506828575,-0.8581527817605636,-0.3372813757104013,-0.26911886124510553,0.4422985787284685
2022-07-13,0.24158468619544377,1.0190178859074466,-0.3372813757104013,0.05647645418816201,0.8139340709145191
2022-07-14,0.3891730829265644,1.0860596954670185,1.2934119337916026,0.3820717696214296,0.4422985787284685
2022-07-15,0.19238855395173687,-0.2547764957244175,-0.0654991574600673,-0.024922374670154884,0.6281163248214938
2022-07-16,-0.6439456941912801,-0.6570273530818482,-0.44599426301053485,-0.4319165189617393,0.4794621279470736
2022-07-17,-0.9391224876535214,-1.2604036391179945,-0.5547071503106684,-0.4319165189617393,0.40513502950986346
2022-07-18,0.0939962894643231,-1.1263200199988508,-0.5547071503106684,-0.35051769010342243,0.6652798740400988
2022-07-19,-0.004395975023090653,-0.9251945913201355,-0.5003507066606017,-0.10632120352847177,0.5166256771656786
2022-07-20,0.5367614796576851,-0.9922364008797072,-0.39163781936046804,-0.10632120352847177,0.6652798740400988
2022-07-21,1.3238995955569952,0.013390742513869696,-0.2285684884102677,1.1960600582045986,0.5537892263842837
2022-07-22,0.14319242170802998,-0.6570273530818482,-0.44599426301053485,0.05647645418816201,0.6281163248214938
2022-07-23,-0.5947495619475732,-0.7240691626414201,-0.6090635939607353,-0.35051769010342243,0.5166256771656786
2022-07-24,-0.5455534297038663,-1.059278210439279,-0.6090635939607353,-0.4319165189617393,0.29364438185404834
2022-07-25,0.4383692151702713,4.3040665543264645,-0.5003507066606017,-0.18772003238678867,0.29364438185404834
2022-07-26,0.3891730829265644,-0.8581527817605636,-0.6090635939607353,0.05647645418816201,0.4794621279470736
2022-07-27,1.1763111988258745,0.013390742513869696,-0.5547071503106684,1.4402565447795492,0.4794621279470736
2022-07-28,0.585957611901392,-0.12069287660527389,-0.5003507066606017,0.9518635716296479,0.6652798740400988
2022-07-29,-0.053592107266797535,-0.8581527817605636,-0.5003507066606017,-0.10632120352847177,0.5166256771656786
2022-07-30,-0.5455534297038663,-1.1933618295584227,-0.7177764812608688,-0.35051769010342243,0.3679714802912584
2022-07-31,0.0939962894643231,-1.1933618295584227,-0.7177764812608688,-0.4319165189617393,0.5166256771656786
2022-08-01,0.0939962894643231,-0.7911109722009919,-0.5003507066606017,-0.18772003238678867,0.6281163248214938
2022-08-02,-0.3979650329727457,-1.1933618295584227,-0.5003507066606017,-0.35051769010342243,0.7024434232587039
2022-08-03,-0.1519843717542113,-1.2604036391179945,-0.663420037610802,-0.5133153478200563,0.6652798740400988
2022-08-04,-0.10278823951050442,-1.2604036391179945,-0.663420037610802,-0.35051769010342243,0.5166256771656786
2022-08-05,-0.1519843717542113,-1.2604036391179945,-0.7177764812608688,-0.4319165189617393,0.4794621279470736
2022-08-06,-0.7423379586786939,-1.5956126869158533,-0.7721329249109357,-0.5133153478200563,0.5909527756028887
2022-08-07,-0.6439456941912801,-1.3274454486775662,-0.7721329249109357,-0.4319165189617393,0.40513502950986346
2022-08-08,-0.6439456941912801,-0.9922364008797072,-0.663420037610802,-0.4319165189617393,0.5909527756028887
2022-08-09,0.19238855395173687,-1.1933618295584227,-0.7721329249109357,-0.4319165189617393,0.6281163248214938
2022-08-10,-0.29957276848533193,-1.1263200199988508,-0.7721329249109357,-0.5133153478200563,0.40513502950986346
2022-08-11,-0.8407302231661077,-1.1933618295584227,-0.8264893685610024,-0.5133153478200563,0.4794621279470736
2022-08-12,-0.3979650329727457,-1.3274454486775662,-0.8264893685610024,-0.4319165189617393,0.40513502950986346
2022-08-13,-0.8899263554098146,-1.5956126869158533,-0.8808458122110692,-0.5947141766783731,0.4794621279470736
2022-08-14,-0.8899263554098146,-1.5956126869158533,-0.8264893685610024,-0.5947141766783731,0.5909527756028887
2022-08-15,-0.25037663624162504,-1.059278210439279,-0.7721329249109357,-0.4319165189617393,0.6281163248214938
2022-08-16,0.24158468619544377,-0.7911109722009919,-0.7721329249109357,-0.4319165189617393,0.7024434232587039
2022-08-17,1.3238995955569952,-1.059278210439279,-0.7177764812608688,-0.4319165189617393,0.776770521695914
2022-08-18,0.14319242170802998,-1.2604036391179945,-0.7721329249109357,-0.4319165189617393,0.4422985787284685
2022-08-19,-0.20118050399791818,-1.059278210439279,-0.663420037610802,-0.5133153478200563,0.8510976201331241
2022-08-20,0.3399769506828575,-1.1263200199988508,-0.8264893685610024,-0.4319165189617393,0.9997518170075443
2022-08-21,0.24158468619544377,-1.059278210439279,-0.7721329249109357,-0.5133153478200563,0.7396069724773089
2022-08-22,1.5698802567755297,-1.2604036391179945,-0.663420037610802,-0.4319165189617393,0.8139340709145191
2022-08-23,3.2425487530615635,-1.2604036391179945,-0.7177764812608688,-0.4319165189617393,0.3308079310726534
2022-08-24,0.8811344053636332,-0.9922364008797072,-0.7177764812608688,-0.4319165189617393,0.6281163248214938
2022-08-25,0.6843498763888057,-0.9922364008797072,-0.6090635939607353,-0.4319165189617393,0.5537892263842837
2022-08-26,0.04480015722061623,-0.6570273530818482,-0.7177764812608688,-0.18772003238678867,0.3308079310726534
2022-08-27,0.4383692151702713,-1.1263200199988508,-0.7721329249109357,-0.26911886124510553,0.4422985787284685
2022-08-28,0.6351537441450988,-0.9922364008797072,-0.8264893685610024,-0.26911886124510553,0.4794621279470736
2022-08-29,0.48756534741397817,-0.7240691626414201,-0.5003507066606017,-0.10632120352847177,0.3308079310726534
2022-08-30,0.48756534741397817,-0.9922364008797072,-0.6090635939607353,-0.18772003238678867,0.5166256771656786
2022-08-31,0.6843498763888057,-0.9922364008797072,-0.663420037610802,-0.35051769010342243,0.6652798740400988
2022-09-01,0.0939962894643231,-0.3888601148435611,1.8913328139423373,-0.024922374670154884,0.6281163248214938
2022-09-02,0.24158468619544377,-0.3888601148435611,1.1846990464914688,-0.024922374670154884,0.5537892263842837
2022-09-03,-0.25037663624162504,-0.5229437339627047,-0.0654991574600673,-0.35051769010342243,0.14499018497962812
2022-09-04,-0.7423379586786939,-0.7240691626414201,-0.2829249320603345,-0.4319165189617393,0.3308079310726534
2022-09-05,0.7827421408762194,-0.5899855435222765,-0.2285684884102677,-0.35051769010342243,0.6281163248214938
2022-09-06,0.48756534741397817,-0.0536510670457021,2.163115032192671,0.1378752830464789,0.5166256771656786
2022-09-07,0.04480015722061623,0.6167670285500159,4.337372778195343,0.7076670850546971,0.3308079310726534
2022-09-08,-0.29957276848533193,0.9519760763478748,2.3261843631428714,1.5216553736378662,0.5537892263842837
2022-09-09,-0.053592107266797535,-0.1877346861648457,0.6954910536408678,0.3006729407631127,0.8882611693517292
2022-09-10,-0.4963572974601595,-0.5899855435222765,0.47806527904060064,-0.26911886124510553,1.1855695631005696
2022-09-11,-0.693141826434987,-0.7911109722009919,0.15192661714019987,-0.18772003238678867,1.6686957029424352
2022-09-12,0.04480015722061623,0.14747436163301328,0.47806527904060064,-0.26911886124510553,2.226148941221511
2022-09-13,-0.004395975023090653,4.1029411256477495,0.7498474972909346,0.1378752830464789,1.7430228013796454
2022-09-14,0.3891730829265644,3.834773887409462,0.8585603845910682,0.3006729407631127,1.48287795684941
2022-09-15,0.3891730829265644,1.1531015050265903,0.26063950444033346,-0.024922374670154884,1.48287795684941
2022-09-16,-0.053592107266797535,0.34859979031172866,-0.1198556011101341,-0.024922374670154884,1.3713873091935949
2022-09-17,-0.8407302231661077,-0.2547764957244175,-0.39163781936046804,-0.35051769010342243,1.3713873091935949
2022-09-18,-0.9883186198972282,-0.6570273530818482,-0.5003507066606017,-0.35051769010342243,1.1484060138819645
2022-09-19,-0.3979650329727457,-0.5229437339627047,-0.44599426301053485,-0.18772003238678867,1.0740789154447543
2022-09-20,0.04480015722061623,0.34859979031172866,-0.2285684884102677,0.3006729407631127,1.2970602107563847
2022-09-21,0.04480015722061623,1.89056141018188,0.04321372984006628,2.5798401487959857,1.4085508584122
2022-09-22,-0.4963572974601595,1.6223941719435928,2.8153923559934726,2.661238977654303,1.1855695631005696
2022-09-23,-0.7915340909224008,-0.0536510670457021,0.09757017349013307,0.2192741119047958,0.9254247185703341
2022-09-24,-0.7423379586786939,-0.5899855435222765,-0.2285684884102677,-0.10632120352847177,1.2227331123191747
2022-09-25,-1.0375147521409351,-0.4559019244031329,-0.2829249320603345,-0.18772003238678867,1.63153215372383
2022-09-26,-0.053592107266797535,0.34859979031172866,0.15192661714019987,0.1378752830464789,1.5943686045052252
2022-09-27,0.5367614796576851,0.0804325520734415,-0.17421204476020088,-0.10632120352847177,1.5572050552866201
2022-09-28,0.48756534741397817,-0.12069287660527389,-0.1198556011101341,-0.10632120352847177,1.3342237599749898
2022-09-29,0.7827421408762194,-0.3218183052839893,-0.2829249320603345,-0.35051769010342243,1.3342237599749898
2022-09-30,-0.5455534297038663,-0.3218183052839893,-0.2829249320603345,-0.26911886124510553,1.2227331123191747
2022-10-01,-0.9883186198972282,-0.8581527817605636,-0.5003507066606017,-0.35051769010342243,1.6686957029424352
2022-10-02,-0.5455534297038663,-0.5899855435222765,-0.3372813757104013,-0.4319165189617393,2.7464386302819817
2022-10-03,-0.25037663624162504,0.0804325520734415,-0.1198556011101341,-0.35051769010342243,2.040331195128486
2022-10-04,0.04480015722061623,-0.3218183052839893,-0.2285684884102677,-0.10632120352847177,2.040331195128486
2022-10-05,-0.10278823951050442,-0.2547764957244175,-0.3372813757104013,-0.35051769010342243,1.8916769982540655
2022-10-06,-0.004395975023090653,-0.4559019244031329,-0.2285684884102677,-0.35051769010342243,1.8916769982540655
2022-10-07,-0.25037663624162504,-0.6570273530818482,-0.39163781936046804,-0.35051769010342243,1.8545134490354604
2022-10-08,-0.053592107266797535,-0.7911109722009919,-0.5547071503106684,-0.4319165189617393,1.7801863505982505
2022-10-09,-0.3487689007290388,-0.9922364008797072,-0.5003507066606017,-0.5133153478200563,1.8545134490354604
2022-10-10,-0.1519843717542113,-0.7911109722009919,-0.39163781936046804,-0.4319165189617393,2.0031676459098806
2022-10-11,0.04480015722061623,-0.12069287660527389,-0.2285684884102677,-0.26911886124510553,2.5606208841889564
2022-10-12,-0.004395975023090653,0.013390742513869696,1.0759861591913353,-0.10632120352847177,1.5943686045052252
2022-10-13,-0.10278823951050442,1.3542269337053057,2.924105243293606,0.2192741119047958,1.6686957029424352
2022-10-14,-0.29957276848533193,0.34859979031172866,1.7282634829921368,0.05647645418816201,1.4457144076308048
2022-10-15,-0.7915340909224008,-0.3888601148435611,0.7498474972909346,-0.26911886124510553,1.2227331123191747
2022-10-16,-0.8899263554098146,-0.3888601148435611,0.42370883539053383,-0.18772003238678867,1.48287795684941
2022-10-17,0.3399769506828575,-0.0536510670457021,1.402124821091736,-0.024922374670154884,1.5943686045052252
2022-10-18,-0.10278823951050442,0.013390742513869696,1.8913328139423373,-0.024922374670154884,1.4457144076308048
2022-10-19,-0.10278823951050442,0.41564159987130045,1.0759861591913353,-0.10632120352847177,1.1112424646633594
2022-10-20,0.0939962894643231,0.6838088381095877,4.174303447245142,0.2192741119047958,1.1855695631005696
2022-10-21,0.04480015722061623,0.6838088381095877,3.9025212289948086,0.2192741119047958,1.0740789154447543
2022-10-22,-0.6439456941912801,-0.3888601148435611,1.5651941520419366,-0.18772003238678867,1.2227331123191747
2022-10-23,-0.4963572974601595,-0.5229437339627047,0.7498474972909346,-0.18772003238678867,0.9997518170075443
2022-10-24,0.14319242170802998,-0.12069287660527389,1.4564812647418028,0.1378752830464789,1.3713873091935949
2022-10-25,0.3399769506828575,0.6838088381095877,0.641134609990801,-0.26911886124510553,1.1855695631005696
2022-10-26,0.14319242170802998,0.0804325520734415,0.5867781663407342,0.05647645418816201,1.0740789154447543
2022-10-27,0.14319242170802998,0.2145161711925851,0.369352391740467,0.2192741119047958,0.9997518170075443
2022-10-28,-0.053592107266797535,0.14747436163301328,0.20628306079026665,-0.024922374670154884,0.9254247185703341
2022-10-29,-0.5455534297038663,-0.4559019244031329,-0.2285684884102677,-0.4319165189617393,0.6652798740400988
2022-10-30,-0.5455534297038663,-0.9922364008797072,-0.2829249320603345,-0.4319165189617393,0.5166256771656786
2022-10-31,0.24158468619544377,0.2145161711925851,-0.0654991574600673,-0.10632120352847177,0.776770521695914
2022-11-01,0.24158468619544377,-0.2547764957244175,-0.011142713810000511,0.1378752830464789,0.9625882677889392
2022-11-02,-0.10278823951050442,-0.2547764957244175,-0.1198556011101341,0.9518635716296479,0.6281163248214938
2022-11-03,-0.5947495619475732,0.2145161711925851,-0.2829249320603345,1.3588577159212325,0.7396069724773089
2022-11-04,-0.4471611652164526,-0.5229437339627047,-0.2829249320603345,-0.024922374670154884,0.7396069724773089
2022-11-05,-0.8407302231661077,-0.8581527817605636,-0.2829249320603345,-0.4319165189617393,0.7396069724773089
2022-11-06,-0.693141826434987,-0.7911109722009919,-0.3372813757104013,-0.4319165189617393,0.7024434232587039
2022-11-07,0.585957611901392,1.6894359815031645,-0.17421204476020088,-0.26911886124510553,0.9625882677889392
2022-11-08,0.04480015722061623,0.6838088381095877,-0.1198556011101341,-0.35051769010342243,0.8139340709145191
2022-11-09,0.04480015722061623,0.8178924572287313,-0.17421204476020088,-0.35051769010342243,1.1112424646633594
2022-11-10,-0.004395975023090653,0.2815579807521569,0.15192661714019987,-0.26911886124510553,1.3713873091935949
2022-11-11,-0.5455534297038663,-0.4559019244031329,0.15192661714019987,-0.26911886124510553,1.2970602107563847
2022-11-12,-0.9391224876535214,-1.059278210439279,-0.2285684884102677,-0.4319165189617393,1.1484060138819645
2022-11-13,-0.5947495619475732,-0.7911109722009919,-0.2829249320603345,-0.4319165189617393,1.0740789154447543
2022-11-14,-0.25037663624162504,-0.3888601148435611,-0.17421204476020088,-0.35051769010342243,1.1855695631005696
2022-11-15,-0.3979650329727457,-0.6570273530818482,-0.2285684884102677,-0.35051769010342243,0.9625882677889392
2022-11-16,0.14319242170802998,-0.6570273530818482,-0.17421204476020088,-0.4319165189617393,1.0740789154447543
2022-11-17,-0.25037663624162504,0.6167670285500159,-0.39163781936046804,-0.35051769010342243,0.5537892263842837
2022-11-18,0.04480015722061623,0.6167670285500159,-0.44599426301053485,-0.4319165189617393,0.7024434232587039
2022-11-19,-0.5455534297038663,-0.2547764957244175,-0.6090635939607353,-0.6761130055366901,0.5537892263842837
2022-11-20,-0.29957276848533193,-0.8581527817605636,-0.6090635939607353,-0.5133153478200563,1.1112424646633594
2022-11-21,0.19238855395173687,-0.5229437339627047,-0.39163781936046804,-0.35051769010342243,0.776770521695914
2022-11-22,0.4383692151702713,-0.7240691626414201,-0.5003507066606017,-0.6761130055366901,0.6652798740400988
2022-11-23,-0.10278823951050442,-1.059278210439279,-0.5547071503106684,-0.5133153478200563,0.6281163248214938
2022-11-24,0.0939962894643231,-0.6570273530818482,-0.3372813757104013,-0.4319165189617393,0.8882611693517292
2022-11-25,0.0939962894643231,-0.7240691626414201,-0.5547071503106684,-0.4319165189617393,0.6281163248214938
2022-11-26,-0.5947495619475732,-1.1263200199988508,-0.663420037610802,-0.6761130055366901,0.18215373419823316
2022-11-27,-1.0375147521409351,-1.1263200199988508,-0.663420037610802,-0.5947141766783731,0.3308079310726534
2022-11-28,0.14319242170802998,-0.9922364008797072,-0.5003507066606017,-0.4319165189617393,0.7024434232587039
2022-11-29,-0.004395975023090653,0.0804325520734415,-0.5003507066606017,-0.4319165189617393,0.40513502950986346
2022-11-30,-0.004395975023090653,0.14747436163301328,-0.6090635939607353,-0.4319165189617393,0.3679714802912584
2022-12-01,0.29078081843915066,-0.3888601148435611,-0.44599426301053485,-0.18772003238678867,0.5166256771656786
2022-12-02,-0.693141826434987,-0.6570273530818482,-0.5003507066606017,-0.4319165189617393,0.6281163248214938
2022-12-03,-0.693141826434987,-1.1263200199988508,-0.7177764812608688,-0.5133153478200563,0.40513502950986346
2022-12-04,-0.4963572974601595,0.549725218990444,-0.6090635939607353,-0.5947141766783731,0.4422985787284685
2022-12-05,0.29078081843915066,-0.2547764957244175,-0.5547071503106684,-0.4319165189617393,0.5166256771656786
2022-12-06,0.6351537441450988,-0.3218183052839893,-0.5547071503106684,-0.4319165189617393,1.2970602107563847
2022-12-07,0.0939962894643231,-0.5899855435222765,-0.6090635939607353,-0.35051769010342243,1.8545134490354604
2022-12-08,0.19238855395173687,-0.6570273530818482,-0.6090635939607353,-0.35051769010342243,0.8139340709145191
2022-12-09,-0.25037663624162504,-0.5229437339627047,-0.663420037610802,-0.4319165189617393,0.40513502950986346
2022-12-10,-0.5947495619475732,-1.3274454486775662,-0.7721329249109357,-0.5133153478200563,0.3308079310726534
2022-12-11,-0.1519843717542113,-1.2604036391179945,-0.663420037610802,-0.5133153478200563,0.5537892263842837
2022-12-12,0.48756534741397817,-0.7240691626414201,-0.663420037610802,-0.35051769010342243,1.1112424646633594
2022-12-13,-0.5455534297038663,-0.2547764957244175,-0.5547071503106684,-0.35051769010342243,0.7024434232587039
2022-12-14,-0.25037663624162504,-0.5899855435222765,-0.6090635939607353,1.2774588870629153,0.4422985787284685
2022-12-15,-0.1519843717542113,0.013390742513869696,-0.663420037610802,0.2192741119047958,0.7396069724773089
2022-12-16,-0.4963572974601595,-0.7240691626414201,-0.663420037610802,-0.4319165189617393,0.7396069724773089
2022-12-17,-0.8407302231661077,-1.2604036391179945,-0.7721329249109357,-0.5133153478200563,0.3679714802912584
2022-12-18,-0.3487689007290388,-1.1933618295584227,-0.8264893685610024,-0.5133153478200563,0.10782663576102307
2022-12-19,-0.1519843717542113,-0.3218183052839893,-0.7177764812608688,-0.4319165189617393,0.9997518170075443
2022-12-20,0.14319242170802998,-0.2547764957244175,-0.2829249320603345,7.463769880294999,0.29364438185404834
2022-12-21,-0.053592107266797535,-0.9251945913201355,-0.44599426301053485,2.417042491079352,1.520041506068015
2022-12-22,-0.053592107266797535,-0.7240691626414201,-0.6090635939607353,0.6262682561963803,0.6652798740400988
2022-12-23,-0.4471611652164526,-0.8581527817605636,-0.7177764812608688,0.1378752830464789,0.4422985787284685
2022-12-24,-1.0375147521409351,-1.2604036391179945,-0.8264893685610024,-0.26911886124510553,0.29364438185404834
2022-12-25,-0.3979650329727457,-1.3274454486775662,-0.8264893685610024,-0.024922374670154884,0.18215373419823316
2022-12-26,0.24158468619544377,-1.2604036391179945,-0.7177764812608688,0.05647645418816201,0.3308079310726534
2022-12-27,-0.004395975023090653,-0.9922364008797072,-0.7177764812608688,-0.10632120352847177,0.6652798740400988
2022-12-28,-0.3487689007290388,-0.9922364008797072,-0.7177764812608688,-0.10632120352847177,0.29364438185404834
2022-12-29,-0.004395975023090653,-1.3274454486775662,-0.7721329249109357,-0.35051769010342243,0.5537892263842837
2022-12-30,-0.3979650329727457,-1.059278210439279,-0.8264893685610024,-0.35051769010342243,0.8139340709145191
2022-12-31,-0.7423379586786939,-1.4615290677967099,-0.8808458122110692,-0.4319165189617393,0.3308079310726534
2023-01-01,-0.7423379586786939,-1.2604036391179945,0.7498474972909346,-0.6761130055366901,0.9997518170075443
2023-01-02,-0.8407302231661077,-1.059278210439279,1.0759861591913353,0.1378752830464789,1.1855695631005696
2023-01-03,0.0939962894643231,-0.7240691626414201,3.848164785344742,0.7890659139130141,1.7058592521610403
2023-01-04,0.3399769506828575,0.7508506476691594,2.706679468693339,0.6262682561963803,2.7464386302819817
2023-01-05,0.979526669851047,1.3542269337053057,2.4348972504430053,1.1146612293462816,1.9660040966912757
2023-01-06,0.6351537441450988,0.34859979031172866,2.5979665813932056,0.9518635716296479,1.63153215372383
2023-01-07,-0.3979650329727457,-0.1877346861648457,1.6195505956920033,0.1378752830464789,1.6686957029424352
2023-01-08,-0.4963572974601595,-0.5229437339627047,1.2390554901415358,-0.024922374670154884,0.9997518170075443
2023-01-09,-0.25037663624162504,0.14747436163301328,1.8913328139423373,0.2192741119047958,1.9660040966912757
2023-01-10,0.979526669851047,0.6838088381095877,2.2718279194928046,0.3820717696214296,1.8916769982540655
2023-01-11,1.5698802567755297,0.8178924572287313,1.945689257592404,0.3820717696214296,1.9660040966912757
2023-01-12,1.0287228020947539,0.549725218990444,2.3805408067929386,0.5448694273380633,1.3713873091935949
2023-01-13,0.8319382731199263,0.34859979031172866,2.706679468693339,0.9518635716296479,1.63153215372383
2023-01-14,0.19238855395173687,-0.6570273530818482,1.8913328139423373,0.3820717696214296,1.4085508584122
2023-01-15,-0.3979650329727457,-0.2547764957244175,1.2934119337916026,0.2192741119047958,1.48287795684941
2023-01-16,0.48756534741397817,-0.0536510670457021,3.03281813059374,0.5448694273380633,1.9288405474726706
2023-01-17,1.2255073310695814,1.287185124145734,2.706679468693339,1.0332624004879647,1.4457144076308048
2023-01-18,1.5206841245318228,0.4826834094308723,4.337372778195343,0.7076670850546971,1.520041506068015
2023-01-19,1.422291860044409,-0.0536510670457021,2.489253694093072,0.3820717696214296,1.7801863505982505
2023-01-20,1.9142531824814777,0.14747436163301328,1.945689257592404,0.05647645418816201,1.7430228013796454
2023-01-21,1.1271150665821676,-0.6570273530818482,0.9672732718912017,0.2192741119047958,0.9625882677889392
2023-01-22,2.8489796951119084,-0.4559019244031329,1.0759861591913353,-0.10632120352847177,0.9625882677889392
2023-01-23,2.1110377114563055,0.0804325520734415,1.7826199266422036,0.3006729407631127,1.5572050552866201
2023-01-24,1.6190763890192363,-0.12069287660527389,1.2934119337916026,0.5448694273380633,1.2227331123191747
2023-01-25,1.9634493147251846,0.0804325520734415,1.6195505956920033,-0.024922374670154884,2.4119666873145365
2023-01-26,3.2425487530615635,-0.0536510670457021,1.2934119337916026,0.2192741119047958,2.040331195128486
2023-01-27,1.815860917994064,-0.12069287660527389,1.0759861591913353,0.1378752830464789,1.3713873091935949
2023-01-28,-0.053592107266797535,-0.9922364008797072,0.641134609990801,-0.26911886124510553,1.0369153662261494
2023-01-29,0.3891730829265644,-0.7240691626414201,0.9672732718912017,-0.10632120352847177,1.0740789154447543
2023-01-30,2.4062145049185464,-0.2547764957244175,0.9672732718912017,0.4634705984797465,1.1112424646633594
2023-01-31,2.652195166137081,0.0804325520734415,1.4564812647418028,0.7890659139130141,1.7430228013796454
2023-02-01,2.1110377114563055,4.3040665543264645,1.2934119337916026,3.231030779662521,0.9254247185703341
2023-02-02,2.0618415792125986,0.6838088381095877,1.2934119337916026,2.9054354642292535,1.520041506068015
2023-02-03,1.2255073310695814,-0.0536510670457021,0.9672732718912017,0.3820717696214296,1.5943686045052252
2023-02-04,0.585957611901392,-0.5899855435222765,0.912916828241135,0.05647645418816201,0.9625882677889392
2023-02-05,0.8811344053636332,-0.7911109722009919,0.9672732718912017,0.05647645418816201,1.1112424646633594
2023-02-06,1.5206841245318228,-0.1877346861648457,2.163115032192671,0.2192741119047958,1.2598966615377796
2023-02-07,1.7174686535066501,0.0804325520734415,1.2390554901415358,0.3820717696214296,1.2970602107563847
2023-02-08,2.553802901649667,-0.0536510670457021,1.3477683774416693,0.2192741119047958,1.0740789154447543
2023-02-09,1.4714879922881159,-0.4559019244031329,0.912916828241135,0.2192741119047958,1.1855695631005696
2023-02-10,2.1110377114563055,-0.6570273530818482,0.9672732718912017,0.3820717696214296,0.9254247185703341
2023-02-11,0.04480015722061623,-0.9251945913201355,0.641134609990801,-0.26911886124510553,0.9625882677889392
2023-02-12,0.8319382731199263,-0.7240691626414201,0.641134609990801,-0.18772003238678867,1.1484060138819645
2023-02-13,2.160233843700012,-0.3888601148435611,1.130342602841402,-0.10632120352847177,1.0740789154447543
2023-02-14,0.9303305376073401,0.013390742513869696,0.912916828241135,0.3820717696214296,1.7058592521610403
2023-02-15,2.4554106371622533,-0.3888601148435611,1.6195505956920033,-0.10632120352847177,1.2970602107563847
2023-02-16,1.8650570502377708,-0.4559019244031329,1.7282634829921368,0.1378752830464789,1.6686957029424352
2023-02-17,1.6682725212629432,-0.6570273530818482,1.5108377083918696,0.1378752830464789,1.2227331123191747
2023-02-18,0.29078081843915066,-1.2604036391179945,0.26063950444033346,-0.10632120352847177,1.4457144076308048
2023-02-19,0.6351537441450988,-1.059278210439279,0.47806527904060064,-0.18772003238678867,1.2598966615377796
2023-02-20,1.7174686535066501,-0.3218183052839893,1.0759861591913353,0.3820717696214296,1.2598966615377796
2023-02-21,2.3570183726748395,-0.3888601148435611,0.912916828241135,-0.024922374670154884,1.3342237599749898
2023-02-22,2.0126454469688917,-0.6570273530818482,0.641134609990801,0.2192741119047958,1.0369153662261494
2023-02-23,2.0126454469688917,-0.7240691626414201,0.5324217226906675,-0.024922374670154884,1.2227331123191747
2023-02-24,2.209429975943719,-0.3888601148435611,1.130342602841402,-0.024922374670154884,1.2970602107563847
2023-02-25,0.5367614796576851,-0.5229437339627047,0.5324217226906675,-0.18772003238678867,0.9254247185703341
2023-02-26,0.29078081843915066,-0.8581527817605636,0.8042039409410013,-0.024922374670154884,1.1855695631005696
2023-02-27,2.0618415792125986,-0.6570273530818482,1.2390554901415358,-0.10632120352847177,1.8916769982540655
2023-02-28,0.7827421408762194,-0.4559019244031329,0.912916828241135,-0.6761130055366901,1.520041506068015
2023-03-01,0.5367614796576851,-0.7240691626414201,0.8585603845910682,0.2192741119047958,1.6686957029424352
2023-03-02,1.2255073310695814,-0.3888601148435611,0.9672732718912017,0.1378752830464789,1.7058592521610403
2023-03-03,0.29078081843915066,-0.7911109722009919,0.7498474972909346,0.05647645418816201,1.4085508584122
2023-03-04,0.19238855395173687,-1.059278210439279,0.26063950444033346,-0.18772003238678867,1.1484060138819645
2023-03-05,-0.1519843717542113,-1.059278210439279,0.26063950444033346,-0.26911886124510553,0.7024434232587039
2023-03-06,2.0126454469688917,-0.9251945913201355,0.5867781663407342,0.1378752830464789,1.5943686045052252
2023-03-07,0.979526669851047,-0.6570273530818482,0.8042039409410013,1.4402565447795492,1.2227331123191747
2023-03-08,0.8319382731199263,-0.5899855435222765,1.0759861591913353,1.5216553736378662,1.8173498998168554
2023-03-09,0.7335460086325126,-0.7240691626414201,0.6954910536408678,0.6262682561963803,1.3342237599749898
2023-03-10,0.6351537441450988,-1.059278210439279,0.5867781663407342,0.5448694273380633,0.8882611693517292
2023-03-11,-0.4471611652164526,-1.3274454486775662,0.47806527904060064,0.7890659139130141,1.0740789154447543
2023-03-12,-0.5947495619475732,-1.2604036391179945,0.09757017349013307,0.7890659139130141,1.9660040966912757
2023-03-13,0.5367614796576851,-0.6570273530818482,0.47806527904060064,3.068233121945887,1.63153215372383
2023-03-14,0.3399769506828575,-0.1877346861648457,0.5867781663407342,2.172846004504401,1.3713873091935949
2023-03-15,0.3399769506828575,-0.5229437339627047,0.5867781663407342,1.1146612293462816,1.0369153662261494
2023-03-16,0.04480015722061623,-0.5229437339627047,0.7498474972909346,1.7658518602128168,1.1855695631005696
2023-03-17,-0.20118050399791818,-0.5899855435222765,0.369352391740467,1.1146612293462816,1.2227331123191747
2023-03-18,-0.7915340909224008,-0.9922364008797072,0.04321372984006628,0.3006729407631127,1.48287795684941
2023-03-19,-0.7915340909224008,-0.9251945913201355,-0.0654991574600673,0.7076670850546971,0.9625882677889392
2023-03-20,-0.053592107266797535,-0.7911109722009919,0.5324217226906675,0.9518635716296479,0.776770521695914
2023-03-21,0.14319242170802998,-1.059278210439279,-0.0654991574600673,1.4402565447795492,1.2970602107563847
2023-03-22,-0.3487689007290388,-0.0536510670457021,0.09757017349013307,5.59159681655371,0.7024434232587039
2023-03-23,-0.3487689007290388,0.8178924572287313,0.20628306079026665,7.463769880294999,1.1484060138819645
2023-03-24,0.19238855395173687,-0.7240691626414201,0.47806527904060064,1.1146612293462816,0.8139340709145191
2023-03-25,-0.7915340909224008,-1.394487258237138,-0.17421204476020088,0.05647645418816201,0.5909527756028887
2023-03-26,-0.7915340909224008,-1.2604036391179945,-0.0654991574600673,-0.26911886124510553,0.7024434232587039
2023-03-27,0.3891730829265644,-1.1263200199988508,0.09757017349013307,0.1378752830464789,1.1484060138819645
2023-03-28,0.29078081843915066,-0.7911109722009919,0.04321372984006628,-0.024922374670154884,0.9997518170075443
2023-03-29,0.7827421408762194,-0.9922364008797072,0.20628306079026665,-0.024922374670154884,1.4457144076308048
2023-03-30,0.24158468619544377,-0.7911109722009919,0.04321372984006628,-0.26911886124510553,1.0369153662261494
2023-03-31,0.19238855395173687,-0.9922364008797072,-0.011142713810000511,-0.6761130055366901,1.1484060138819645
